{
  "project_info": {
    "project_number": "388658518420",
    "project_id": "proiectdam-c544c",
    "storage_bucket": "proiectdam-c544c.firebasestorage.app"
  },
  "client": [
    {
      "client_info": {
        "mobilesdk_app_id": "1:388658518420:android:36383b1921f60e61ca5781",
        "android_client_info": {
          "package_name": "com.example.programari_medic"
        }
      },
      "oauth_client": [],
      "api_key": [
        {
          "current_key": "AIzaSyC_hwujfLRBBmopOOjiXZKeNXUhiFwW3_k"
        }
      ],
      "services": {
        "appinvite_service": {
          "other_platform_oauth_client": []
        }
      }
    }
  ],
  "configuration_version": "1"
}