judete,Componenta dominanta
Alba,C1
Arad,C3
Arges,C2
Bacau,C1
Bihor,C1
Bistrita-Nasaud,C1
Botosani,C1
Brasov,C1
Braila,C1
Buzau,C2
Caras-Severin,C1
Calarasi,C1
Cluj,C1
Constanta,C1
Covasna,C1
Dambovita,C2
Dolj,C2
Galati,C2
Giurgiu,C1
Gorj,C1
Harghita,C1
Hunedoara,C2
Ialomita,C1
Iasi,C1
Ilfov,C2
Maramures,C1
Mehedinti,C1
Mures,C1
Neamt,C2
Olt,C2
Prahova,C2
Satu Mare,C2
Salaj,C1
Sibiu,C1
Suceava,C1
Teleorman,C2
Timis,C1
Tulcea,C1
Vaslui,C1
Valcea,C1
Vrancea,C1
Municipiul Bucuresti,C1
